GDP_01_AUS,1,GDP,01_AUS,"347,420,465 ","358,188,872 ","368,749,588 ","360,991,765 ","379,601,300 ","399,582,173 ","417,731,196 ","429,187,886 ","453,331,010 ","470,383,417 ","515,317,626 ","513,320,531 ","515,592,569 ","536,417,759 ","557,759,322 ","579,117,983 ","601,579,834 ","625,441,020 ","654,065,825 ","686,887,267 ","713,972,531 ","727,774,374 ","756,907,345 ","779,506,667 ","810,695,552 ","836,559,304 ","860,269,340 ","892,764,544 ","925,419,788 ","943,213,087 ","962,576,705 ","986,170,471 ","1,024,551,635 ","1,051,594,494 ","1,078,497,831 ","1,103,854,786 ","1,135,064,189 ","1,157,283,926 ","1,201,142,573 ","1,245,039,044 ","1,289,224,526 ","1,333,639,686 ","1,378,646,228 ","1,424,442,629 ","1,471,205,820 ","1,519,006,309 ","1,566,859,653 ","1,615,958,599 ","1,666,222,278 ","1,717,419,964 ","1,769,393,796 ","1,821,332,122 ","1,874,054,169 ","1,927,569,372 ","1,981,931,991 ","2,037,127,705 ","2,091,895,589 ","2,147,448,007 ","2,203,751,837 ","2,260,727,484 ","2,318,290,528 ","2,375,138,639 ","2,432,794,114 ","2,491,262,884 ","2,550,592,656 ","2,610,851,825 ","2,670,775,153 ","2,731,887,132 ","2,794,170,024 ","2,857,579,294 ","2,922,072,575 "
GDP_02_BD,2,GDP,02_BD,"17,855,416 ","14,325,028 ","14,898,711 ","14,977,505 ","15,069,294 ","14,844,799 ","14,440,412 ","14,728,067 ","14,886,686 ","14,723,781 ","23,088,497 ","23,814,848 ","24,948,096 ","25,024,081 ","25,811,188 ","26,967,196 ","27,743,397 ","27,335,244 ","27,182,575 ","28,012,230 ","28,810,416 ","29,600,986 ","30,747,165 ","31,640,049 ","31,799,615 ","31,922,841 ","33,326,718 ","33,378,235 ","32,730,792 ","32,153,246 ","32,988,898 ","34,224,437 ","34,536,852 ","33,802,589 ","33,008,313 ","32,821,218 ","32,012,006 ","32,437,366 ","33,069,907 ","33,676,517 ","34,259,481 ","34,761,332 ","35,259,303 ","35,744,984 ","36,216,047 ","36,670,805 ","37,067,939 ","37,462,768 ","37,858,011 ","38,255,907 ","38,654,200 ","38,979,888 ","39,317,569 ","39,663,549 ","40,018,318 ","40,377,630 ","40,672,792 ","40,982,660 ","41,303,882 ","41,631,876 ","41,964,992 ","42,231,768 ","42,511,378 ","42,800,472 ","43,100,190 ","43,407,732 ","43,644,785 ","43,894,956 ","44,156,602 ","44,432,251 ","44,714,493 "
GDP_03_CDA,3,GDP,03_CDA,"675,111,424 ","697,284,324 ","675,883,914 ","694,219,534 ","735,383,384 ","772,485,749 ","793,596,223 ","828,151,423 ","870,763,088 ","890,380,142 ","916,554,841 ","897,071,706 ","904,992,634 ","929,022,323 ","970,767,705 ","996,762,034 ","1,012,820,349 ","1,056,167,160 ","1,097,165,026 ","1,153,813,970 ","1,213,612,575 ","1,235,103,458 ","1,272,280,273 ","1,295,210,241 ","1,335,179,927 ","1,377,924,138 ","1,414,072,774 ","1,443,241,528 ","1,457,679,153 ","1,414,683,628 ","1,458,305,599 ","1,504,114,172 ","1,530,368,068 ","1,568,244,706 ","1,613,029,685 ","1,629,174,217 ","1,652,212,414 ","1,702,561,120 ","1,736,225,571 ","1,771,168,763 ","1,807,362,860 ","1,844,712,460 ","1,883,170,718 ","1,922,752,078 ","1,963,133,817 ","2,004,109,568 ","2,045,710,589 ","2,087,986,905 ","2,130,945,077 ","2,174,536,544 ","2,218,710,070 ","2,263,425,517 ","2,308,694,906 ","2,354,538,825 ","2,400,973,842 ","2,448,001,199 ","2,495,626,479 ","2,543,873,074 ","2,592,766,017 ","2,642,312,764 ","2,692,521,059 ","2,743,424,646 ","2,795,096,455 ","2,847,594,538 ","2,900,951,807 ","2,955,183,143 ","3,010,304,987 ","3,066,353,016 ","3,123,340,480 ","3,181,260,928 ","3,240,094,122 "
GDP_04_CHL,4,GDP,04_CHL,"75,244,937 ","78,802,560 ","70,661,595 ","67,980,359 ","73,394,748 ","78,613,636 ","83,006,566 ","88,473,325 ","94,934,831 ","104,953,436 ","125,464,694 ","135,256,451 ","150,360,144 ","160,267,049 ","168,328,798 ","183,366,108 ","195,840,351 ","210,387,157 ","219,485,517 ","218,581,025 ","230,224,702 ","237,829,133 ","245,218,414 ","255,250,416 ","273,652,796 ","289,368,212 ","307,648,113 ","322,739,251 ","334,130,431 ","328,903,831 ","348,125,554 ","369,399,224 ","389,046,195 ","404,783,130 ","411,934,595 ","421,430,747 ","426,765,502 ","433,123,907 ","457,489,275 ","482,243,933 ","507,191,164 ","532,183,278 ","557,093,007 ","581,818,869 ","606,298,880 ","630,504,357 ","654,435,101 ","678,110,766 ","701,559,226 ","724,816,239 ","747,923,989 ","770,928,879 ","793,879,791 ","816,823,611 ","839,806,564 ","862,870,340 ","886,049,881 ","909,375,170 ","932,865,121 ","956,523,450 ","980,341,788 ","1,004,308,061 ","1,028,412,733 ","1,052,638,806 ","1,076,959,404 ","1,101,337,868 ","1,125,734,717 ","1,150,114,767 ","1,174,440,897 ","1,198,676,569 ","1,222,783,525 "
GDP_05_PRC,5,GDP,05_PRC,"614,872,138 ","647,379,391 ","705,677,085 ","782,448,850 ","902,916,289 ","1,026,672,990 ","1,118,457,432 ","1,249,061,845 ","1,391,097,256 ","1,449,164,633 ","1,825,795,839 ","1,995,486,690 ","2,279,168,343 ","2,595,233,745 ","2,933,967,773 ","3,255,214,575 ","3,578,404,403 ","3,908,718,655 ","4,215,068,932 ","4,538,258,760 ","4,923,625,388 ","5,334,251,341 ","5,821,302,945 ","6,405,505,799 ","7,053,180,804 ","7,856,945,485 ","8,856,308,018 ","10,116,683,578 ","11,093,377,485 ","12,136,134,243 ","13,426,950,528 ","14,707,404,013 ","15,862,856,222 ","17,093,438,732 ","18,340,860,791 ","19,606,417,751 ","20,920,047,740 ","22,363,531,034 ","23,659,612,528 ","24,947,921,526 ","26,230,105,407 ","27,506,861,830 ","28,778,357,427 ","30,044,823,379 ","31,306,912,044 ","32,566,129,111 ","33,825,345,520 ","35,088,933,722 ","36,362,312,703 ","37,651,695,152 ","38,964,095,929 ","40,306,889,050 ","41,686,988,529 ","43,109,576,007 ","44,577,044,521 ","46,088,498,358 ","47,639,385,219 ","49,221,380,886 ","50,822,941,908 ","52,430,130,974 ","54,027,947,894 ","55,602,066,714 ","57,140,385,424 ","58,633,474,425 ","60,075,231,645 ","61,463,049,767 ","62,797,983,091 ","64,084,442,360 ","65,329,425,226 ","66,541,967,927 ","67,732,040,674 "
GDP_06_HKC,6,GDP,06_HKC,"85,158,630 ","92,654,618 ","95,317,441 ","100,678,413 ","110,864,549 ","111,838,877 ","124,301,087 ","141,264,792 ","154,468,981 ","158,505,430 ","162,136,327 ","171,381,298 ","182,066,812 ","193,357,083 ","205,028,346 ","209,895,285 ","218,833,909 ","229,993,805 ","216,464,023 ","221,890,122 ","238,894,600 ","240,234,490 ","244,214,305 ","251,678,273 ","273,574,347 ","293,786,692 ","314,447,918 ","334,776,452 ","341,900,297 ","333,492,799 ","356,062,533 ","373,205,831 ","379,551,479 ","391,323,225 ","402,133,203 ","411,735,524 ","420,641,047 ","436,589,016 ","449,159,793 ","461,859,171 ","474,571,198 ","487,075,456 ","499,279,321 ","511,253,162 ","523,237,831 ","535,416,628 ","547,357,428 ","559,472,253 ","571,819,963 ","584,393,978 ","597,273,775 ","609,985,677 ","623,109,485 ","636,582,270 ","650,327,773 ","664,226,402 ","678,403,630 ","692,750,038 ","707,285,171 ","721,959,258 ","736,763,675 ","751,850,965 ","767,026,005 ","782,292,047 ","797,760,612 ","813,367,133 ","830,635,372 ","848,254,575 ","866,084,189 ","883,989,108 ","901,931,121 "
GDP_07_INA,7,GDP,07_INA,"246,867,132 ","266,902,407 ","269,765,376 ","292,463,797 ","313,326,797 ","324,093,033 ","343,272,457 ","361,291,604 ","384,047,185 ","418,680,446 ","884,274,956 ","945,395,890 ","1,006,823,049 ","1,072,230,383 ","1,153,076,244 ","1,247,859,197 ","1,345,419,164 ","1,408,652,234 ","1,223,742,322 ","1,233,423,667 ","1,294,108,947 ","1,341,259,372 ","1,401,609,008 ","1,468,611,092 ","1,542,495,065 ","1,630,302,696 ","1,719,984,861 ","1,829,118,283 ","1,939,116,035 ","2,028,875,219 ","2,155,149,454 ","2,288,117,524 ","2,426,092,170 ","2,560,916,509 ","2,689,133,108 ","2,820,263,905 ","2,962,215,673 ","3,112,331,292 ","3,295,609,280 ","3,488,936,656 ","3,693,734,814 ","3,911,045,297 ","4,141,602,277 ","4,385,948,175 ","4,644,490,992 ","4,917,539,393 ","5,205,336,959 ","5,508,052,854 ","5,825,728,932 ","6,158,276,587 ","6,505,538,184 ","6,867,313,616 ","7,243,345,960 ","7,633,308,546 ","8,036,803,252 ","8,453,413,859 ","8,882,770,875 ","9,324,649,631 ","9,778,929,011 ","10,245,538,372 ","10,724,462,970 ","11,215,778,671 ","11,719,616,575 ","12,236,108,165 ","12,765,364,531 ","13,307,482,936 ","13,862,577,929 ","14,430,737,645 ","15,011,947,341 ","15,606,037,447 ","16,212,728,393 "
GDP_08_JPN,8,GDP,08_JPN,"2,467,546,820 ","2,571,706,518 ","2,660,617,879 ","2,742,933,694 ","2,865,668,388 ","3,045,585,738 ","3,127,382,353 ","3,252,503,389 ","3,481,900,817 ","3,665,877,717 ","3,980,922,738 ","4,116,970,644 ","4,151,885,419 ","4,130,381,981 ","4,171,399,415 ","4,285,785,040 ","4,418,644,346 ","4,466,190,958 ","4,415,794,020 ","4,404,668,239 ","4,527,101,843 ","4,545,497,083 ","4,550,860,441 ","4,620,407,607 ","4,722,273,174 ","4,800,789,013 ","4,868,960,531 ","4,949,502,092 ","4,895,377,277 ","4,630,223,435 ","4,824,310,329 ","4,818,742,045 ","4,890,786,556 ","4,988,615,386 ","5,007,308,700 ","5,075,098,803 ","5,122,713,069 ","5,210,443,687 ","5,250,003,682 ","5,296,109,833 ","5,347,531,502 ","5,403,147,929 ","5,462,306,521 ","5,524,722,222 ","5,590,267,170 ","5,658,856,244 ","5,730,421,375 ","5,804,855,810 ","5,881,862,362 ","5,960,930,694 ","6,041,482,769 ","6,122,239,375 ","6,201,587,220 ","6,279,518,300 ","6,356,080,281 ","6,431,338,777 ","6,505,342,764 ","6,578,159,613 ","6,649,849,253 ","6,720,513,127 ","6,790,328,495 ","6,859,623,800 ","6,928,927,126 ","6,998,793,709 ","7,069,777,294 ","7,142,438,952 ","7,217,398,990 ","7,295,399,996 ","7,377,138,739 ","7,463,193,178 ","7,554,033,544 "
GDP_09_ROK,9,GDP,09_ROK,"247,866,534 ","263,187,635 ","282,663,779 ","313,559,609 ","340,063,509 ","364,941,898 ","405,487,945 ","452,009,348 ","501,244,250 ","535,756,378 ","525,457,624 ","579,863,250 ","615,672,738 ","657,826,274 ","718,386,692 ","787,140,638 ","846,920,105 ","897,076,285 ","847,995,274 ","943,891,850 ","1,028,128,780 ","1,074,654,762 ","1,154,527,763 ","1,188,392,578 ","1,246,621,919 ","1,295,535,341 ","1,362,594,243 ","1,437,038,168 ","1,477,695,185 ","1,488,150,025 ","1,584,832,060 ","1,643,180,641 ","1,680,848,879 ","1,729,529,707 ","1,787,321,039 ","1,837,191,517 ","1,891,008,456 ","1,948,925,666 ","2,013,342,662 ","2,078,130,276 ","2,143,183,904 ","2,208,267,338 ","2,273,136,741 ","2,337,591,253 ","2,401,515,619 ","2,464,833,932 ","2,527,488,781 ","2,589,456,879 ","2,650,728,490 ","2,711,324,850 ","2,771,278,698 ","2,830,634,441 ","2,889,462,983 ","2,947,844,914 ","3,005,866,379 ","3,063,609,306 ","3,121,150,744 ","3,178,570,846 ","3,235,926,536 ","3,293,225,172 ","3,350,439,908 ","3,407,529,375 ","3,464,460,649 ","3,521,198,316 ","3,577,691,327 ","3,633,893,874 ","3,689,785,950 ","3,745,392,658 ","3,800,756,553 ","3,855,904,183 ","3,910,867,882 "
GDP_10_MAS,10,GDP,10_MAS,"83,600,259 ","89,402,664 ","94,713,748 ","100,633,836 ","108,445,228 ","107,228,124 ","108,463,462 ","114,307,425 ","125,665,829 ","137,047,678 ","200,554,123 ","219,697,951 ","239,218,373 ","262,888,896 ","287,106,331 ","315,326,256 ","346,867,398 ","372,267,602 ","344,870,884 ","366,037,720 ","398,464,520 ","400,527,272 ","422,119,650 ","446,554,043 ","476,845,759 ","502,271,838 ","530,322,952 ","563,726,860 ","590,964,844 ","582,020,422 ","625,234,550 ","658,333,922 ","694,367,528 ","726,959,213 ","770,625,631 ","809,372,737 ","843,527,063 ","893,310,084 ","936,244,052 ","980,686,103 ","1,026,535,142 ","1,073,995,475 ","1,122,952,095 ","1,173,554,862 ","1,225,847,959 ","1,279,938,307 ","1,334,807,058 ","1,391,445,555 ","1,449,800,778 ","1,510,084,857 ","1,572,391,528 ","1,636,594,090 ","1,702,987,236 ","1,771,408,428 ","1,842,057,125 ","1,914,777,127 ","1,988,510,126 ","2,064,280,352 ","2,142,014,094 ","2,221,550,062 ","2,302,929,229 ","2,385,227,212 ","2,469,225,371 ","2,555,241,485 ","2,642,997,976 ","2,732,576,904 ","2,821,931,807 ","2,912,589,840 ","3,004,664,171 ","3,097,914,070 ","3,192,193,894 "
GDP_11_MEX,11,GDP,11_MEX,"821,671,040 ","893,927,626 ","888,367,121 ","851,116,920 ","881,982,276 ","905,173,493 ","871,739,306 ","888,612,058 ","900,215,807 ","937,987,309 ","940,509,384 ","980,220,049 ","1,015,788,889 ","1,321,231,084 ","1,386,514,177 ","1,299,285,370 ","1,387,289,329 ","1,482,274,980 ","1,558,818,551 ","1,601,741,466 ","1,680,906,796 ","1,674,109,375 ","1,673,442,335 ","1,697,646,715 ","1,764,204,496 ","1,804,918,932 ","1,886,051,444 ","1,929,269,289 ","1,951,332,115 ","1,848,189,692 ","1,942,782,224 ","2,013,946,491 ","2,087,300,921 ","2,115,564,895 ","2,175,758,719 ","2,246,916,302 ","2,312,376,350 ","2,359,469,879 ","2,423,064,928 ","2,488,662,577 ","2,556,590,943 ","2,627,008,540 ","2,700,146,947 ","2,776,111,140 ","2,854,917,200 ","2,937,112,495 ","3,023,294,578 ","3,114,081,122 ","3,210,039,340 ","3,311,660,729 ","3,419,361,890 ","3,533,473,991 ","3,654,226,262 ","3,781,732,343 ","3,916,000,285 ","4,056,930,894 ","4,204,318,922 ","4,357,867,161 ","4,517,210,602 ","4,681,952,918 ","4,851,673,587 ","5,025,961,192 ","5,204,430,223 ","5,386,696,996 ","5,572,396,061 ","5,761,177,263 ","5,952,481,071 ","6,145,357,455 ","6,339,669,440 ","6,535,297,420 ","6,732,144,268 "
GDP_12_NZ,12,GDP,12_NZ,"65,153,924 ","68,226,826 ","68,458,560 ","70,033,554 ","73,535,243 ","74,223,543 ","76,428,512 ","75,873,104 ","77,556,853 ","78,247,073 ","83,052,842 ","81,688,662 ","82,723,247 ","88,127,414 ","92,724,484 ","96,968,685 ","100,224,850 ","103,240,011 ","104,340,666 ","109,759,848 ","112,272,733 ","116,536,454 ","122,433,889 ","127,992,718 ","132,177,606 ","136,564,457 ","140,078,141 ","145,345,665 ","143,099,309 ","145,841,185 ","147,244,406 ","151,213,818 ","154,993,282 ","158,121,062 ","163,726,440 ","170,986,553 ","176,922,277 ","182,280,646 ","186,682,811 ","191,405,456 ","196,388,262 ","201,568,161 ","206,897,456 ","212,343,571 ","217,887,368 ","223,518,971 ","229,235,922 ","235,041,013 ","240,935,991 ","246,919,467 ","252,990,272 ","259,149,179 ","265,399,963 ","271,747,490 ","278,196,682 ","284,752,565 ","291,419,540 ","298,201,206 ","305,098,762 ","312,109,627 ","319,230,300 ","326,460,074 ","333,803,580 ","341,264,267 ","348,841,409 ","356,531,648 ","364,331,912 ","372,242,296 ","380,262,050 ","388,389,002 ","396,619,420 "
GDP_13_PNG,13,GDP,13_PNG,"7,395,396 ","7,375,056 ","7,401,073 ","7,639,610 ","7,612,497 ","7,917,000 ","8,288,537 ","8,518,157 ","8,765,963 ","8,641,509 ","10,786,809 ","11,816,615 ","13,453,108 ","15,901,881 ","16,846,788 ","16,288,747 ","17,548,469 ","16,863,309 ","16,227,711 ","16,528,825 ","16,116,457 ","16,096,910 ","16,071,332 ","16,419,132 ","16,865,925 ","17,936,034 ","18,347,570 ","20,383,743 ","20,323,759 ","21,706,903 ","23,904,659 ","24,169,358 ","25,292,851 ","26,261,550 ","30,311,462 ","31,917,663 ","32,524,099 ","33,239,629 ","34,876,684 ","36,665,141 ","38,639,171 ","40,725,454 ","43,001,855 ","45,470,345 ","48,128,000 ","50,979,655 ","53,924,221 ","57,051,063 ","60,365,946 ","63,871,411 ","67,577,870 ","71,378,002 ","75,372,457 ","79,568,047 ","83,972,633 ","88,601,819 ","93,356,140 ","98,328,701 ","103,540,639 ","108,995,767 ","114,708,172 ","120,512,161 ","126,570,927 ","132,883,665 ","139,463,662 ","146,324,400 ","153,271,845 ","160,485,366 ","167,977,746 ","175,756,311 ","183,827,870 "
GDP_14_PE,14,GDP,14_PE,"125,218,997 ","134,182,912 ","133,351,254 ","117,593,546 ","123,686,683 ","127,129,577 ","139,822,568 ","150,989,036 ","137,836,386 ","121,694,730 ","122,184,473 ","124,896,063 ","124,220,988 ","130,734,611 ","146,825,906 ","157,707,754 ","162,121,952 ","172,622,306 ","171,946,425 ","174,516,870 ","179,219,003 ","180,326,383 ","190,160,535 ","198,080,765 ","207,902,012 ","220,968,779 ","237,605,295 ","257,845,435 ","281,377,875 ","284,461,280 ","308,163,900 ","327,662,023 ","347,779,569 ","368,133,432 ","376,880,366 ","389,134,140 ","404,510,033 ","414,733,744 ","432,931,493 ","451,589,302 ","470,556,533 ","489,665,503 ","508,982,911 ","528,560,340 ","548,354,167 ","568,364,402 ","588,592,038 ","609,064,073 ","629,829,321 ","650,891,241 ","672,290,456 ","693,843,365 ","715,724,740 ","737,936,626 ","760,462,646 ","783,318,477 ","806,433,252 ","829,886,119 ","853,642,220 ","877,682,861 ","902,032,396 ","927,409,574 ","953,146,555 ","979,251,410 ","1,005,700,078 ","1,032,497,892 ","1,059,931,689 ","1,087,807,946 ","1,115,972,908 ","1,144,533,167 ","1,173,461,229 "
GDP_15_RP,15,GDP,15_RP,"157,688,155 ","163,175,595 ","169,168,011 ","172,415,678 ","159,842,795 ","148,196,079 ","153,273,535 ","159,879,566 ","170,661,859 ","181,235,665 ","261,760,309 ","260,246,458 ","261,125,058 ","266,651,266 ","278,350,919 ","291,374,102 ","308,407,464 ","324,399,508 ","322,528,637 ","332,468,700 ","347,134,633 ","357,180,665 ","370,203,126 ","388,603,587 ","414,630,792 ","434,440,474 ","457,218,016 ","487,470,588 ","507,714,056 ","513,544,300 ","552,739,361 ","572,968,249 ","611,264,409 ","654,444,275 ","694,661,831 ","736,803,830 ","787,464,361 ","840,102,554 ","883,439,610 ","929,829,707 ","979,489,573 ","1,032,195,558 ","1,088,467,794 ","1,148,052,439 ","1,210,949,686 ","1,277,063,575 ","1,345,597,406 ","1,417,139,493 ","1,491,768,516 ","1,569,448,557 ","1,650,104,419 ","1,733,122,607 ","1,819,035,626 ","1,907,918,139 ","1,999,717,837 ","2,094,608,497 ","2,191,042,509 ","2,290,316,706 ","2,392,428,470 ","2,497,461,520 ","2,605,235,720 ","2,714,859,752 ","2,827,222,410 ","2,942,324,096 ","3,060,223,209 ","3,180,695,029 ","3,302,176,887 ","3,426,215,905 ","3,552,719,374 ","3,681,638,591 ","3,812,881,011 "
GDP_16_RUS,16,GDP,16_RUS,"1,879,583,249 ","1,919,053,855 ","1,974,523,588 ","2,037,704,922 ","2,066,230,752 ","2,088,957,820 ","2,176,693,970 ","2,204,991,485 ","2,238,062,365 ","2,301,884,485 ","3,224,936,158 ","3,062,175,582 ","2,617,208,589 ","2,390,334,807 ","2,089,875,555 ","2,003,280,967 ","1,931,162,853 ","1,958,199,133 ","1,854,414,579 ","1,973,097,112 ","2,170,406,823 ","2,280,923,596 ","2,389,123,082 ","2,563,430,022 ","2,747,380,458 ","2,922,558,574 ","3,160,847,399 ","3,430,628,260 ","3,610,666,037 ","3,328,279,998 ","3,478,176,597 ","3,661,994,244 ","3,795,873,150 ","3,863,642,942 ","3,892,179,838 ","3,782,099,620 ","3,773,593,262 ","3,831,919,060 ","3,970,161,309 ","4,100,894,051 ","4,227,123,346 ","4,351,665,391 ","4,476,521,508 ","4,602,990,138 ","4,731,838,474 ","4,863,433,859 ","4,997,824,368 ","5,134,736,241 ","5,273,529,221 ","5,413,199,016 ","5,552,444,156 ","5,689,705,503 ","5,823,179,932 ","5,950,780,590 ","6,070,005,041 ","6,179,099,594 ","6,276,531,456 ","6,361,060,976 ","6,431,949,607 ","6,489,104,044 ","6,533,191,263 ","6,565,698,697 ","6,588,875,855 ","6,605,650,713 ","6,619,515,313 ","6,634,323,157 ","6,654,065,263 ","6,682,588,232 ","6,723,388,366 ","6,779,441,533 ","6,853,000,162 "
GDP_17_SIN,17,GDP,17_SIN,"43,565,294 ","46,898,900 ","49,221,693 ","54,074,169 ","59,172,628 ","60,069,938 ","62,218,589 ","69,256,066 ","76,532,623 ","83,719,016 ","110,272,033 ","117,646,008 ","125,984,288 ","140,519,583 ","155,871,988 ","166,826,743 ","179,392,023 ","194,265,627 ","189,942,770 ","201,520,171 ","219,450,517 ","217,360,712 ","226,515,264 ","236,561,959 ","259,151,676 ","278,559,953 ","303,240,911 ","330,870,789 ","336,785,502 ","334,753,377 ","385,771,054 ","410,270,113 ","427,022,663 ","448,848,164 ","466,280,921 ","476,730,547 ","488,157,880 ","505,822,080 ","527,087,518 ","548,996,855 ","570,767,354 ","592,633,177 ","614,391,089 ","636,166,049 ","658,110,871 ","680,301,410 ","702,718,125 ","725,193,852 ","747,750,054 ","770,432,582 ","793,250,941 ","815,107,528 ","837,079,274 ","859,222,549 ","881,486,976 ","903,975,793 ","927,446,501 ","951,280,436 ","975,362,265 ","999,646,305 ","1,024,097,294 ","1,048,308,222 ","1,072,518,765 ","1,096,849,594 ","1,121,332,634 ","1,146,133,994 ","1,171,355,261 ","1,197,216,295 ","1,223,451,954 ","1,249,956,195 ","1,276,627,451 "
GDP_18_CT,18,GDP,18_CT,"161,122,167 ","171,450,361 ","178,250,178 ","192,676,295 ","210,789,245 ","219,083,036 ","242,713,233 ","268,880,953 ","283,951,552 ","312,728,952 ","371,750,375 ","399,425,851 ","429,483,927 ","455,960,019 ","488,064,703 ","516,012,759 ","541,876,151 ","571,729,306 ","593,032,529 ","628,666,964 ","662,000,043 ","650,059,607 ","685,988,330 ","712,263,136 ","759,246,130 ","799,043,410 ","842,725,935 ","896,011,412 ","886,001,896 ","881,882,613 ","971,617,961 ","997,904,591 ","1,016,230,750 ","1,040,150,331 ","1,083,811,934 ","1,103,089,000 ","1,118,806,117 ","1,144,778,022 ","1,174,226,278 ","1,204,332,586 ","1,235,324,727 ","1,265,025,797 ","1,295,170,881 ","1,322,525,180 ","1,349,552,027 ","1,376,402,957 ","1,400,846,239 ","1,425,027,439 ","1,446,775,432 ","1,467,079,314 ","1,485,206,001 ","1,502,267,630 ","1,520,444,892 ","1,535,637,137 ","1,549,083,343 ","1,560,158,588 ","1,570,966,686 ","1,582,813,217 ","1,591,959,037 ","1,599,821,357 ","1,606,341,777 ","1,611,318,640 ","1,616,037,674 ","1,619,098,482 ","1,621,472,722 ","1,622,919,032 ","1,624,577,160 ","1,625,374,831 ","1,625,967,558 ","1,626,451,438 ","1,625,961,729 "
GDP_19_THA,19,GDP,19_THA,"126,156,764 ","133,677,480 ","140,922,646 ","148,898,835 ","157,578,837 ","165,016,085 ","174,259,678 ","190,962,300 ","216,460,950 ","242,983,592 ","396,505,938 ","430,439,948 ","465,234,079 ","503,620,744 ","543,894,815 ","588,060,498 ","621,299,877 ","604,191,822 ","558,069,428 ","583,586,027 ","609,588,730 ","630,584,452 ","669,358,332 ","717,480,711 ","762,605,143 ","794,541,787 ","834,013,962 ","879,343,393 ","894,517,940 ","888,339,206 ","955,085,378 ","963,107,708 ","1,032,863,544 ","1,060,620,512 ","1,071,061,409 ","1,103,409,327 ","1,139,630,759 ","1,184,110,263 ","1,226,986,583 ","1,271,764,010 ","1,318,616,112 ","1,368,016,320 ","1,419,641,224 ","1,473,635,212 ","1,529,900,194 ","1,588,612,084 ","1,649,893,673 ","1,713,549,542 ","1,779,582,944 ","1,847,832,012 ","1,918,306,719 ","1,991,210,797 ","2,066,292,733 ","2,143,526,174 ","2,222,858,561 ","2,304,296,700 ","2,388,871,342 ","2,475,636,146 ","2,564,705,606 ","2,655,836,453 ","2,749,159,425 ","2,844,307,969 ","2,941,518,354 ","3,041,043,141 ","3,142,837,947 ","3,246,862,848 ","3,353,241,131 ","3,462,032,920 ","3,573,490,528 ","3,687,566,327 ","3,804,488,729 "
GDP_20_USA,20,GDP,20_USA,"6,997,861,906 ","7,173,945,105 ","7,031,989,622 ","7,352,585,554 ","7,889,088,776 ","8,220,310,084 ","8,506,837,494 ","8,784,795,509 ","9,152,991,387 ","9,483,806,486 ","9,748,318,567 ","9,741,096,571 ","10,087,431,143 ","10,364,417,549 ","10,782,895,773 ","11,076,080,098 ","11,496,514,943 ","12,012,366,615 ","12,546,906,234 ","13,134,753,835 ","13,672,251,138 ","13,805,689,826 ","14,052,277,074 ","14,446,693,008 ","14,993,607,656 ","15,495,176,228 ","15,908,374,599 ","16,191,316,215 ","16,144,098,863 ","15,696,014,624 ","16,093,425,254 ","16,351,154,165 ","16,714,808,879 ","16,995,171,638 ","17,431,810,499 ","17,930,636,927 ","18,196,956,946 ","18,610,635,383 ","19,124,824,557 ","19,629,753,518 ","20,133,209,032 ","20,639,388,992 ","21,150,427,784 ","21,667,511,159 ","22,191,525,582 ","22,723,298,420 ","23,263,858,108 ","23,814,335,904 ","24,375,097,729 ","24,942,329,790 ","25,510,844,731 ","26,080,027,713 ","26,649,525,333 ","27,218,948,086 ","27,787,665,911 ","28,355,032,678 ","28,920,562,213 ","29,484,044,064 ","30,045,410,866 ","30,604,507,656 ","31,161,256,121 ","31,715,955,028 ","32,269,294,086 ","32,821,922,065 ","33,374,286,046 ","33,926,657,203 ","34,479,353,203 ","35,032,786,923 ","35,587,155,727 ","36,142,430,310 ","36,698,375,432 "
GDP_21_VN,21,GDP,21_VN,"40,940,308 ","43,313,748 ","46,843,380 ","50,166,230 ","55,573,162 ","57,828,271 ","59,369,592 ","61,305,758 ","64,257,184 ","68,814,062 ","104,421,340 ","110,645,733 ","120,212,216 ","129,916,624 ","141,399,930 ","154,890,162 ","169,356,931 ","183,163,050 ","193,721,403 ","202,968,862 ","216,745,001 ","230,167,788 ","244,716,281 ","261,599,413 ","281,314,619 ","302,546,130 ","323,657,662 ","346,732,850 ","366,364,071 ","386,140,028 ","410,942,722 ","436,586,792 ","459,496,104 ","484,409,445 ","513,394,833 ","547,685,956 ","581,701,700 ","621,328,648 ","652,687,294 ","685,763,561 ","720,781,018 ","757,623,258 ","796,574,601 ","837,478,655 ","880,373,555 ","925,207,392 ","972,626,941 ","1,022,181,442 ","1,073,836,905 ","1,127,696,005 ","1,183,770,150 ","1,242,320,367 ","1,303,166,447 ","1,366,292,796 ","1,431,658,590 ","1,499,128,156 ","1,568,950,797 ","1,641,056,954 ","1,715,334,213 ","1,791,710,292 ","1,870,062,523 ","1,949,720,410 ","2,031,345,505 ","2,114,859,365 ","2,199,947,176 ","2,286,707,814 ","2,374,391,455 ","2,463,571,507 ","2,554,307,334 ","2,646,882,824 ","2,741,544,993 "
POP_01_AUS,1,POP,01_AUS,14709.91795,14901.60989,15109.659,15332.78995,15567.92694,15812.08797,16066.49597,16330.36903,16596.09589,16853.69,17042,17272,17486,17688,17883,18077,18272,18468,18665,18864,19066,19269,19475,19697,19949,20239,20573,20947,21343,21739,22120,22480,22822,23151,23474,23800,24125,24451,24772,25089,25398,25700,25996,26287,26573,26857,27139,27418,27693,27966,28234,28500,28760,29018,29273,29527,29777,30026,30273,30520,30764,31009,31253,31496,31739,31982,32225,32468,32710,32950,33187
POP_02_BD,2,POP,02_BD,189.2999994,195.3939996,201.3010008,207.122001,213.0020008,219.0499986,225.2880006,231.7000003,238.3049998,245.1119995,258,266,274,281,290,297,304,312,319,326,333,340,347,353,360,365,371,374,379,384,389,394,399,405,411,417,423,429,434,439,445,450,455,459,464,469,473,478,482,486,490,494,497,500,504,507,509,513,515,518,520,522,524,526,528,530,532,533,535,535,537
POP_03_CDA,3,POP,03_CDA,24516.27693,24769.84912,25016.04703,25266.95015,25538.86011,25842.58786,26183.1059,26554.54008,26943.39792,27330.29813,27692,28045,28385,28711,29027,29330,29622,29903,30178,30454,30736,31025,31321,31628,31950,32288,32646,33020,33405,33790,34168,34539,34901,35256,35605,35949,36290,36624,36954,37280,37604,37924,38242,38556,38868,39173,39473,39769,40059,40342,40618,40886,41147,41401,41647,41888,42123,42351,42574,42792,43005,43213,43417,43619,43816,44011,44204,44395,44583,44768,44949
POP_04_CHL,4,POP,04_CHL,11178.81699,11348.44199,11527.27403,11714.44195,11908.18892,12107.22507,12310.6659,12518.92993,12733.40897,12956.08796,13242,13457,13671,13883,14091,14297,14498,14695,14887,15077,15263,15445,15623,15800,15974,16147,16319,16491,16661,16829,16993,17153,17310,17463,17614,17763,17910,18055,18197,18336,18472,18605,18734,18859,18980,19099,19214,19327,19435,19538,19638,19731,19820,19903,19983,20059,20131,20199,20263,20322,20378,20431,20479,20523,20562,20598,20630,20657,20682,20702,20718
POP_05_PRC,5,POP,05_PRC,983170.6473,996667.5659,1010574.802,1025090.473,1040397.96,1056579,1073792,1091905,1110339,1128298,1172446,1189184,1204004,1217129,1228992,1239940,1249981,1259067,1267442,1275407,1283199,1290938,1298647,1306344,1314007,1321623,1329209,1336800,1344415,1352068,1359755,1367480,1375199,1382793,1390110,1397029,1403500,1409517,1415046,1420062,1424548,1428480,1431850,1434676,1436995,1438836,1440205,1441106,1441556,1441574,1441182,1440391,1439216,1437667,1435761,1433509,1430923,1428013,1424792,1421275,1417473,1413397,1409052,1404434,1399538,1394361,1388910,1383192,1377210,1370963,1364456
POP_06_HKC,6,POP,06_HKC,5053.553994,5151.919976,5228.669972,5291.060001,5350.313004,5415,5487,5564,5644,5722,5782,5854,5920,5984,6055,6140,6242,6357,6473,6579,6663,6722,6759,6782,6803,6828,6861,6898,6940,6983,7025,7065,7106,7149,7194,7246,7303,7365,7429,7491,7548,7598,7643,7685,7726,7768,7814,7859,7905,7948,7987,8023,8053,8080,8105,8127,8146,8162,8176,8188,8199,8209,8216,8223,8228,8233,8238,8243,8247,8250,8253
POP_07_INA,7,POP,07_INA,150820.0437,154275.4295,157758.4406,161245.6824,164706.9182,168119,171472,174767,178007,181198,181437,184616,187766,190880,193945,196958,199914,202827,205715,208612,211540,214506,217508,220546,223615,226713,229838,232990,236159,239340,242524,245707,248883,252033,255131,258162,261115,263991,266795,269537,272223,274854,277425,279934,282376,284751,287056,289292,291460,293560,295595,297565,299468,301302,303066,304758,306378,307924,309399,310802,312134,313396,314588,315709,316757,317732,318635,319465,320226,320920,321550
POP_08_JPN,8,POP,08_JPN,115914.6875,116823.958,117711.1456,118554.1899,119320.9002,119990.5473,120553.2598,121023.5787,121434.6771,121832.9248,124516,124940,125341,125717,126063,126376,126654,126902,127128,127336,127534,127723,127902,128068,128213,128335,128433,128506,128551,128566,128552,128506,128426,128313,128162,127975,127749,127484,127185,126855,126495,126109,125697,125259,124796,124310,123801,123272,122724,122161,121580,120988,120382,119766,119138,118500,117852,117198,116539,115876,115213,114548,113886,113226,112571,111924,111282,110650,110024,109406,108794
POP_09_ROK,9,POP,09_ROK,37459.53029,38054.6035,38674.21645,39303.57883,39920.98084,"40,510 ","41,067 ","41,594 ","42,090 ","42,552 ","42,923 ","43,378 ","43,853 ","44,341 ","44,826 ","45,298 ","45,757 ","46,202 ","46,627 ","47,023 ","47,387 ","47,713 ","48,004 ","48,265 ","48,498 ","48,709 ","48,895 ","49,062 ","49,219 ","49,379 ","49,552 ","49,745 ","49,953 ","50,169 ","50,386 ","50,594 ",50791,50982,51164,51339,51507,51667,51817,51959,52093,52219,52338,52447,52546,52631,52702,52757,52798,52821,52823,52806,52767,52706,52626,52527,52410,52276,52125,51959,51779,51586,51381,51165,50938,50702,50457
POP_10_MAS,10,POP,10_MAS,13832.58601,14178.73903,14542.15595,14925.54502,15331.93704,15762.8561,16220.16888,16701.74514,17200.06698,17704.83901,18038,18530,19013,19495,19987,20496,21023,21566,22114,22656,23186,23699,24199,24688,25174,25660,26144,26626,27111,27605,28112,28635,29171,29706,30228,30723," 31,187 "," 31,624 "," 32,043 "," 32,455 "," 32,869 "," 33,289 "," 33,711 "," 34,131 "," 34,545 "," 34,950 "," 35,344 "," 35,728 "," 36,102 "," 36,464 "," 36,815 "," 37,153 "," 37,478 "," 37,791 "," 38,091 "," 38,381 "," 38,659 "," 38,925 "," 39,181 "," 39,429 "," 39,668 ",39900,40124,40341,40554,40761,40964,41162,41356,41545,41729
POP_11_MEX,11,POP,11_MEX,68776.41098,70318.38611,71788.76566,73223.33606,74673.29568,76175.15401,77741.11031,79358.77985,81010.09311,82666.45633,85358,87071,88828,90601,92349,94045,95687,97282,98822,100300,101720,103067,104356,105640,106996,108473,110092,111836,113662,115505,117319,119090,120829,122536,124222,125891,127541,129163,130760,132328,133870,135384,136869,138322,139745,141132,142484,143801,145083,146329,147540,148716,149856,150959,152028,153061,154058,155018,155944,156835,157690,158510,159295,160045,160758,161436,162078,162682,163251,163783,164279
POP_12_NZ,12,POP,12_NZ,3147.183006,3165.40699,3189.132998,3216.317997,3243.586008,3268.708998,3290.651018,3310.921989,3332.798016,3360.829058,3399,3446,3504,3565,3623,3675,3717,3752,3784,3819,3859,3908,3964,4022,4081,4136,4186,4233,4278,4324,4370,4418,4467,4518,4567,4615,4661,4706,4749,4792,4834,4875,4916,4956,4994,5033,5070,5107,5144,5178,5213,5246,5279,5310,5340,5370,5398,5425,5451,5477,5502,5526,5549,5572,5593,5614,5635,5656,5675,5694,5711
POP_13_PNG,13,POP,13_PNG,3215.339016,3304.032988,3395.632986,3489.226992,3583.521024,3677.658003,3771.385016,3865.230022,3960.086998,4057.227974,4313,4423,4535,4651,4771,4894,5022,5155,5291,5431,5572,5717,5862,6011,6162,6315,6470,6628,6787,6947,7108,7269,7431,7593,7756,7920,8085,8251,8418,8587,8756,8926,9097,9268,9442,9614,9788,9962,10137,10312,10487,10662,10837,11012,11187,11362,11536,11709,11881,12053,12224,12394,12564,12732,12899,13064,13228,13391,13553,13713,13871
POP_14_PE,14,POP,14_PE,17286.83222,17720.01695,18152.3439,18585.14802,19020.61578,19460.11105,19903.83303,20350.45681,20797.9829,21243.70007,21827,22283,22737,23184,23619,24039,24441,24828,25200,25561,25915,26262,26601,26938,27273,27610,27950,28293,28642,29001,29374,29760,30159,30566,30973,31377,31774,32165,32552,32933,33312,33686,34055,34419,34778,35130,35478,35821,36156,36485,36807,37120,37426,37725,38015,38299,38575,38844,39106,39359,39607,39845,40076,40299,40514,40720,40917,41106,41286,41458,41621
POP_15_RP,15,POP,15_RP,47063.92374,48399.11388,49767.25917,51166.96303,52596.29103,54053,55537,57047,58572,60102,61948,63508,65075,66650,68236,69836,71446,73065,74694,76335,77991,79666,81352,83032,84679,86275,87809,89293,90752,92221,93727,95278,96866,98481,100102,101716,103320,104918,106512,108106,109703,111303,112902,114497,116086,117665,119232,120789,122332,123860,125372,126868,128346,129807,131247,132667,134067,135445,136801,138135,139448,140737,142004,143248,144468,145665,146837,147986,149111,150213,151293
POP_16_RUS,16,POP,16_RUS,138655.3636,139619.4911,140598.3348,141593.8737,142609.8012,143642,144696,145749,146741,147591,147564,148035,148318,148431,148412,148289,148074,147769,147381,146920,146396,145815,145195,144585,144045,143618,143323,143150,143083,143093,143154,143264,143421,143598,143761,143888,143965,143989,143965,143895,143787,143636,143442,143204,142925,142607,142254,141866,141448,141006,140544,140063,139569,139068,138569,138077,137595,137127,136676,136244,135837,135453,135094,134755,134434,134128,133833,133550,133274,133002,132730
POP_17_SIN,17,POP,17_SIN,2414.562999,2463.26901,2520.493017,2583.219,2646.958994,2709,2767,2823,2880,2944,3013,3097,3189,3288,3385,3479,3566,3650,3732,3819,3914,4019,4131,4249,4370,4491,4612,4732,4851,4966,5074,5176,5271,5361,5448,5535,5623,5709,5792,5868,5935,5991,6040,6081,6119,6157,6196,6234,6273,6308,6342,6374,6403,6431,6456,6480,6501,6520,6536,6551,6563,6573,6581,6587,6590,6592,6592,6591,6587,6581,6575
POP_18_CT,18,POP,18_CT,17866.008,18193.955,18515.754,18790.538,19069.194,19313.825,19509.082,19725.01,19954.397,20156.587,20311,20518,20717,20903,21074,21229,21364,21484,21596,21711,21840,21985,22143,22307,22462,22603,22726,22833,22929,23017,23102,23185,23264,23340,23414,23486,23557,23626,23694,23758,23817,23873,23923,23968,24009,24045,24077,24103,24125,24141,24151,24155,24153,24144,24127,24100,24065,24020,23965,23902,23831,23750,23662,23567,23466,23360,23249,23134,23016,22895,22771
POP_19_THA,19,POP,19_THA,47482.64345,48460.28889,49422.51917,50379.78783,51346.20399,52328.6628,53339.76184,54368.58301,55370.52589,56284.97296,56583,57258,57838,58365,58901,59491,60152,60863,61598,62307,62958,63543,64073,64555,65002,65425,65824,66196,66546,66881,67209,67530,67844,68143,68417,68657,68864,69038,69184,69306,69411,69498,69568,69620,69660,69685,69699,69701,69690,69665,69626,69572,69504,69419,69318,69200,69063,68908,68737,68546,68339,68113,67872,67613,67337,67046,66739,66417,66081,65733,65372
POP_20_USA,20,POP,20_USA,229825.0045,232035.0854,234261.2394,236510.688,238794.2754,"241,120 ","243,496 ","245,921 ","248,382 ","250,858 ","252,530 ","254,975 ","257,455 ","260,020 ","262,741 ","265,659 ","268,803 ","272,137 ","275,543 ","278,862 ","281,982 ","284,852 ","287,507 ","290,027 ","292,539 ","295,130 ","297,827 ","300,595 ","303,374 ","306,076 ","308,642 ","311,052 ","313,336 ","315,536 ","317,719 ","319,929 ",322179,324459,326767,329093,331432,333784,336150,338524,340895,343256,345602,347930,350230,352494,354712,356880,358997,361061,363074,365034,366942,368797,370602,372358,374069,375735,377360,378950,380515,382059,383588,385103,386607,388103,389592
POP_21_VN,21,POP,21_VN,54023.15223,55109.17636,56317.46103,57616.92577,58959.04494,60307.30534,61647.64197,62986.9146,64333.35674,65702.50003,68210,69670,71130,72561,73925,75199,76373,77454,78453,79391,80285,81140,81956,82748,83528,84309,85095,85889,86707,87565,88472,89437,90452,91497,92545,93572,94569,95540,96491,97429,98360,99284,100195,101084,101943,102764,103543,104284,104986,105652,106284,106881,107445,107981,108494,108989,109466,109928,110375,110808,111229,111638,112037,112421,112791,113145,113481,113800,114099,114376,114630
ITM_01_AUS,1,ITM,01_AUS,#REF!,#REF!,#REF!,#REF!,#REF!,#REF!,#REF!,#REF!,#REF!,#REF!,#REF!,#REF!,#REF!,#REF!,#REF!,#REF!,#REF!,#REF!,#REF!,#REF!,#REF!,#REF!,#REF!,#REF!,#REF!,#REF!,#REF!,#REF!,#REF!,#REF!,#REF!,#REF!,#REF!,#REF!,#REF!,#REF!,#REF!,,,,,,,,,,,,,,,,,,,,,,,,,,,,,,,,,,
ITM_02_BD,2,ITM,02_BD,#REF!,#REF!,#REF!,#REF!,#REF!,#REF!,#REF!,#REF!,#REF!,#REF!,#REF!,#REF!,#REF!,#REF!,#REF!,#REF!,#REF!,#REF!,#REF!,#REF!,#REF!,#REF!,#REF!,#REF!,#REF!,#REF!,#REF!,#REF!,#REF!,#REF!,#REF!,#REF!,#REF!,#REF!,#REF!,#REF!,#REF!,,,,,,,,,,,,,,,,,,,,,,,,,,,,,,,,,,
ITM_03_CDA,3,ITM,03_CDA,#REF!,#REF!,#REF!,#REF!,#REF!,#REF!,#REF!,#REF!,#REF!,#REF!,#REF!,#REF!,#REF!,#REF!,#REF!,#REF!,#REF!,#REF!,#REF!,#REF!,#REF!,#REF!,#REF!,#REF!,#REF!,#REF!,#REF!,#REF!,#REF!,#REF!,#REF!,#REF!,#REF!,#REF!,#REF!,#REF!,#REF!,,,,,,,,,,,,,,,,,,,,,,,,,,,,,,,,,,
ITM_04_CHL,4,ITM,04_CHL,#REF!,#REF!,#REF!,#REF!,#REF!,#REF!,#REF!,#REF!,#REF!,#REF!,#REF!,#REF!,#REF!,#REF!,#REF!,#REF!,#REF!,#REF!,#REF!,#REF!,#REF!,#REF!,#REF!,#REF!,#REF!,#REF!,#REF!,#REF!,#REF!,#REF!,#REF!,#REF!,#REF!,#REF!,#REF!,#REF!,#REF!,,,,,,,,,,,,,,,,,,,,,,,,,,,,,,,,,,
ITM_05_PRC,5,ITM,05_PRC,#REF!,#REF!,#REF!,#REF!,#REF!,#REF!,#REF!,#REF!,#REF!,#REF!,#REF!,#REF!,#REF!,#REF!,#REF!,#REF!,#REF!,#REF!,#REF!,#REF!,#REF!,#REF!,#REF!,#REF!,#REF!,#REF!,#REF!,#REF!,#REF!,#REF!,#REF!,#REF!,#REF!,#REF!,#REF!,#REF!,#REF!,,,,,,,,,,,,,,,,,,,,,,,,,,,,,,,,,,
ITM_06_HKC,6,ITM,06_HKC,#REF!,#REF!,#REF!,#REF!,#REF!,#REF!,#REF!,#REF!,#REF!,#REF!,#REF!,#REF!,#REF!,#REF!,#REF!,#REF!,#REF!,#REF!,#REF!,#REF!,#REF!,#REF!,#REF!,#REF!,#REF!,#REF!,#REF!,#REF!,#REF!,#REF!,#REF!,#REF!,#REF!,#REF!,#REF!,#REF!,#REF!,,,,,,,,,,,,,,,,,,,,,,,,,,,,,,,,,,
ITM_07_INA,7,ITM,07_INA,#REF!,#REF!,#REF!,#REF!,#REF!,#REF!,#REF!,#REF!,#REF!,#REF!,#REF!,#REF!,#REF!,#REF!,#REF!,#REF!,#REF!,#REF!,#REF!,#REF!,#REF!,#REF!,#REF!,#REF!,#REF!,#REF!,#REF!,#REF!,#REF!,#REF!,#REF!,#REF!,#REF!,#REF!,#REF!,#REF!,#REF!,,,,,,,,,,,,,,,,,,,,,,,,,,,,,,,,,,
ITM_08_JPN,8,ITM,08_JPN,#REF!,#REF!,#REF!,#REF!,#REF!,#REF!,#REF!,#REF!,#REF!,#REF!,#REF!,#REF!,#REF!,#REF!,#REF!,#REF!,#REF!,#REF!,#REF!,#REF!,#REF!,#REF!,#REF!,#REF!,#REF!,#REF!,#REF!,#REF!,#REF!,#REF!,#REF!,#REF!,#REF!,#REF!,#REF!,#REF!,#REF!,,,,,,,,,,,,,,,,,,,,,,,,,,,,,,,,,,
ITM_09_ROK,9,ITM,09_ROK,#REF!,#REF!,#REF!,#REF!,#REF!,#REF!,#REF!,#REF!,#REF!,#REF!,#REF!,#REF!,#REF!,#REF!,#REF!,#REF!,#REF!,#REF!,#REF!,#REF!,#REF!,#REF!,#REF!,#REF!,#REF!,#REF!,#REF!,#REF!,#REF!,#REF!,#REF!,#REF!,#REF!,#REF!,#REF!,#REF!,#REF!,,,,,,,,,,,,,,,,,,,,,,,,,,,,,,,,,,
ITM_10_MAS,10,ITM,10_MAS,#REF!,#REF!,#REF!,#REF!,#REF!,#REF!,#REF!,#REF!,#REF!,#REF!,#REF!,#REF!,#REF!,#REF!,#REF!,#REF!,#REF!,#REF!,#REF!,#REF!,#REF!,#REF!,#REF!,#REF!,#REF!,#REF!,#REF!,#REF!,#REF!,#REF!,#REF!,#REF!,#REF!,#REF!,#REF!,#REF!,#REF!,,,,,,,,,,,,,,,,,,,,,,,,,,,,,,,,,,
ITM_11_MEX,11,ITM,11_MEX,#REF!,#REF!,#REF!,#REF!,#REF!,#REF!,#REF!,#REF!,#REF!,#REF!,#REF!,#REF!,#REF!,#REF!,#REF!,#REF!,#REF!,#REF!,#REF!,#REF!,#REF!,#REF!,#REF!,#REF!,#REF!,#REF!,#REF!,#REF!,#REF!,#REF!,#REF!,#REF!,#REF!,#REF!,#REF!,#REF!,#REF!,,,,,,,,,,,,,,,,,,,,,,,,,,,,,,,,,,
ITM_12_NZ,12,ITM,12_NZ,#REF!,#REF!,#REF!,#REF!,#REF!,#REF!,#REF!,#REF!,#REF!,#REF!,#REF!,#REF!,#REF!,#REF!,#REF!,#REF!,#REF!,#REF!,#REF!,#REF!,#REF!,#REF!,#REF!,#REF!,#REF!,#REF!,#REF!,#REF!,#REF!,#REF!,#REF!,#REF!,#REF!,#REF!,#REF!,#REF!,#REF!,,,,,,,,,,,,,,,,,,,,,,,,,,,,,,,,,,
ITM_13_PNG,13,ITM,13_PNG,#REF!,#REF!,#REF!,#REF!,#REF!,#REF!,#REF!,#REF!,#REF!,#REF!,#REF!,#REF!,#REF!,#REF!,#REF!,#REF!,#REF!,#REF!,#REF!,#REF!,#REF!,#REF!,#REF!,#REF!,#REF!,#REF!,#REF!,#REF!,#REF!,#REF!,#REF!,#REF!,#REF!,#REF!,#REF!,#REF!,#REF!,,,,,,,,,,,,,,,,,,,,,,,,,,,,,,,,,,
ITM_14_PE,14,ITM,14_PE,#REF!,#REF!,#REF!,#REF!,#REF!,#REF!,#REF!,#REF!,#REF!,#REF!,#REF!,#REF!,#REF!,#REF!,#REF!,#REF!,#REF!,#REF!,#REF!,#REF!,#REF!,#REF!,#REF!,#REF!,#REF!,#REF!,#REF!,#REF!,#REF!,#REF!,#REF!,#REF!,#REF!,#REF!,#REF!,#REF!,#REF!,,,,,,,,,,,,,,,,,,,,,,,,,,,,,,,,,,
ITM_15_RP,15,ITM,15_RP,#REF!,#REF!,#REF!,#REF!,#REF!,#REF!,#REF!,#REF!,#REF!,#REF!,#REF!,#REF!,#REF!,#REF!,#REF!,#REF!,#REF!,#REF!,#REF!,#REF!,#REF!,#REF!,#REF!,#REF!,#REF!,#REF!,#REF!,#REF!,#REF!,#REF!,#REF!,#REF!,#REF!,#REF!,#REF!,#REF!,#REF!,,,,,,,,,,,,,,,,,,,,,,,,,,,,,,,,,,
ITM_16_RUS,16,ITM,16_RUS,#REF!,#REF!,#REF!,#REF!,#REF!,#REF!,#REF!,#REF!,#REF!,#REF!,#REF!,#REF!,#REF!,#REF!,#REF!,#REF!,#REF!,#REF!,#REF!,#REF!,#REF!,#REF!,#REF!,#REF!,#REF!,#REF!,#REF!,#REF!,#REF!,#REF!,#REF!,#REF!,#REF!,#REF!,#REF!,#REF!,#REF!,,,,,,,,,,,,,,,,,,,,,,,,,,,,,,,,,,
ITM_17_SIN,17,ITM,17_SIN,#REF!,#REF!,#REF!,#REF!,#REF!,#REF!,#REF!,#REF!,#REF!,#REF!,#REF!,#REF!,#REF!,#REF!,#REF!,#REF!,#REF!,#REF!,#REF!,#REF!,#REF!,#REF!,#REF!,#REF!,#REF!,#REF!,#REF!,#REF!,#REF!,#REF!,#REF!,#REF!,#REF!,#REF!,#REF!,#REF!,#REF!,,,,,,,,,,,,,,,,,,,,,,,,,,,,,,,,,,
ITM_18_CT,18,ITM,18_CT,#REF!,#REF!,#REF!,#REF!,#REF!,#REF!,#REF!,#REF!,#REF!,#REF!,#REF!,#REF!,#REF!,#REF!,#REF!,#REF!,#REF!,#REF!,#REF!,#REF!,#REF!,#REF!,#REF!,#REF!,#REF!,#REF!,#REF!,#REF!,#REF!,#REF!,#REF!,#REF!,#REF!,#REF!,#REF!,#REF!,#REF!,,,,,,,,,,,,,,,,,,,,,,,,,,,,,,,,,,
ITM_19_THA,19,ITM,19_THA,#REF!,#REF!,#REF!,#REF!,#REF!,#REF!,#REF!,#REF!,#REF!,#REF!,#REF!,#REF!,#REF!,#REF!,#REF!,#REF!,#REF!,#REF!,#REF!,#REF!,#REF!,#REF!,#REF!,#REF!,#REF!,#REF!,#REF!,#REF!,#REF!,#REF!,#REF!,#REF!,#REF!,#REF!,#REF!,#REF!,#REF!,,,,,,,,,,,,,,,,,,,,,,,,,,,,,,,,,,
ITM_20_USA,20,ITM,20_USA,#REF!,#REF!,#REF!,#REF!,#REF!,#REF!,#REF!,#REF!,#REF!,#REF!,#REF!,#REF!,#REF!,#REF!,#REF!,#REF!,#REF!,#REF!,#REF!,#REF!,#REF!,#REF!,#REF!,#REF!,#REF!,#REF!,#REF!,#REF!,#REF!,#REF!,#REF!,#REF!,#REF!,#REF!,#REF!,#REF!,#REF!,,,,,,,,,,,,,,,,,,,,,,,,,,,,,,,,,,
ITM_21_VN,21,ITM,21_VN,#REF!,#REF!,#REF!,#REF!,#REF!,#REF!,#REF!,#REF!,#REF!,#REF!,#REF!,#REF!,#REF!,#REF!,#REF!,#REF!,#REF!,#REF!,#REF!,#REF!,#REF!,#REF!,#REF!,#REF!,#REF!,#REF!,#REF!,#REF!,#REF!,#REF!,#REF!,#REF!,#REF!,#REF!,#REF!,#REF!,#REF!,,,,,,,,,,,,,,,,,,,,,,,,,,,,,,,,,,
